costDeviationPercentage,delayDays,paymentCount,paymentAmount,milestoneCompletionRate,contractorDelayRate,contractorCostOverrunRate,contractorAnomalyRate,costPerBeneficiary,projectDuration,duplicateSimilarity,label
6.3,13,3,2100000,70,12.0,5.7,5.2,858,353,0,NORMAL
3.8,11,3,1600000,80,15.7,13.4,10.3,1177,340,0,NORMAL
9.5,8,3,1400000,70,11.1,11.3,15.9,844,314,5,NORMAL
1.2,0,2,2800000,75,16.5,10.0,11.5,1263,305,0,NORMAL
4.1,13,3,1500000,85,11.3,4.4,8.7,1163,352,0,NORMAL
6.6,25,2,3000000,65,5.8,11.9,9.0,853,286,0,NORMAL
15.1,0,1,1200000,55,11.9,11.7,15.8,772,326,0,NORMAL
14.5,0,2,2300000,75,6.4,10.8,14.7,1039,360,0,NORMAL
6.7,5,1,2600000,55,12.6,10.9,14.3,1496,329,0,NORMAL
13.5,3,3,2800000,70,11.4,5.0,6.4,777,325,0,NORMAL
74.8,194,4,6200000,30,67.7,63.4,86.3,3586,555,0,SUSPICIOUS
2.5,5,2,1700000,70,16.7,13.0,10.1,1078,371,0,NORMAL
3.9,0,2,3400000,95,17.6,8.3,6.9,1109,356,0,NORMAL
10.4,8,2,1200000,80,17.7,6.0,11.6,1389,369,0,NORMAL
5.2,9,3,1700000,65,15.4,12.4,6.4,855,349,0,NORMAL
17.6,7,1,2100000,80,8.8,5.3,8.3,1313,318,0,NORMAL
59.9,110,3,7000000,10,64.9,45.6,56.9,4320,640,5,SUSPICIOUS
11.6,8,3,2300000,100,5.1,8.9,10.4,942,320,5,NORMAL
74.4,222,4,8000000,15,71.5,49.3,65.1,4989,631,0,SUSPICIOUS
52.8,246,3,5800000,30,55.2,53.3,65.8,3726,662,0,SUSPICIOUS
2.8,3,1,3600000,95,17.2,3.7,10.3,1594,338,0,NORMAL
5.2,0,2,1900000,70,17.5,8.4,13.6,918,321,0,NORMAL
7.7,6,2,2800000,90,16.5,4.4,12.9,1533,335,5,NORMAL
3.7,17,1,2200000,75,13.1,7.4,16.9,1415,336,0,NORMAL
5.0,27,2,1300000,70,13.3,7.4,5.1,975,330,0,NORMAL
8.4,0,2,2700000,55,11.6,6.8,10.9,1162,320,0,NORMAL
1.2,0,2,1500000,75,17.9,4.7,6.3,1333,304,12,NORMAL
60.5,138,4,5700000,10,47.2,52.2,72.0,3718,492,5,SUSPICIOUS
49.0,141,5,5900000,5,62.8,47.1,83.2,3350,664,5,SUSPICIOUS
13.4,2,2,3500000,55,12.1,12.3,11.2,1277,303,0,NORMAL
47.2,126,4,4100000,35,55.0,48.6,57.1,4094,464,87,SUSPICIOUS
41.4,136,5,7500000,10,49.5,48.5,75.7,5117,508,5,SUSPICIOUS
1.2,0,2,1400000,85,15.0,6.4,12.0,1425,280,0,NORMAL
4.0,0,3,2600000,100,5.6,7.7,3.5,1255,320,0,NORMAL
7.4,29,3,1400000,65,6.2,11.1,9.9,1577,308,0,NORMAL
8.7,0,2,1200000,90,7.2,9.5,5.3,931,365,0,NORMAL
5.0,5,2,1700000,90,12.8,13.0,15.2,1399,298,0,NORMAL
4.7,0,2,1400000,80,10.1,14.0,4.9,941,319,0,NORMAL
7.7,24,3,2000000,80,13.9,7.1,10.0,901,346,0,NORMAL
3.3,0,3,3000000,75,14.6,6.6,6.5,787,366,0,NORMAL
50.8,179,4,7900000,20,81.8,59.0,81.6,4369,744,0,SUSPICIOUS
8.7,31,2,3100000,80,9.4,13.6,3.2,1406,288,0,NORMAL
1.3,3,2,3800000,80,17.7,7.2,11.3,928,331,8,NORMAL
7.7,4,1,2100000,60,15.1,10.2,16.6,1458,327,0,NORMAL
5.4,21,1,1200000,65,12.5,7.3,14.3,1070,357,0,NORMAL
5.4,2,2,2100000,85,13.7,14.0,4.7,1384,337,0,NORMAL
5.6,16,2,3000000,65,17.3,12.5,11.2,1646,381,0,NORMAL
72.3,81,4,7800000,30,52.1,69.8,76.1,6320,597,5,SUSPICIOUS
5.3,9,3,1700000,60,8.0,10.4,9.4,1233,410,5,NORMAL
18.5,19,2,2100000,85,9.6,10.8,17.0,1117,379,0,NORMAL
3.4,0,1,1500000,75,17.7,7.2,7.2,1235,350,0,NORMAL
42.0,60,4,6900000,30,59.2,31.8,51.7,2948,550,85,SUSPICIOUS
2.2,0,2,2400000,55,17.9,8.7,6.9,1267,336,8,NORMAL
5.8,15,2,2900000,75,6.3,6.4,5.5,1397,344,0,NORMAL
8.0,20,2,3900000,65,9.6,6.7,11.6,957,337,0,NORMAL
82.2,98,6,8200000,25,47.0,59.8,56.4,4693,602,15,SUSPICIOUS
5.4,1,2,2500000,55,11.8,14.2,4.8,1442,353,0,NORMAL
11.6,0,2,3600000,55,14.5,9.7,16.3,814,334,0,NORMAL
4.7,4,2,2700000,100,16.4,4.4,15.8,1088,322,0,NORMAL
9.3,0,3,1500000,90,14.3,6.1,9.2,901,326,0,NORMAL
10.5,3,2,1900000,60,12.6,5.0,9.0,1026,280,0,NORMAL
55.8,118,4,9100000,25,54.8,61.1,62.5,4245,540,15,SUSPICIOUS
1.2,0,4,2400000,70,7.7,9.2,3.1,1051,325,0,NORMAL
5.4,0,2,3800000,70,15.1,12.1,10.3,1030,337,0,NORMAL
45.8,207,4,7200000,20,78.2,65.7,76.0,4689,620,14,SUSPICIOUS
8.3,3,2,2100000,70,14.7,6.1,8.7,1216,315,0,NORMAL
1.2,16,4,1500000,65,12.9,10.9,11.4,1053,302,0,NORMAL
10.7,0,3,2900000,100,17.5,9.4,3.2,1007,284,0,NORMAL
9.0,0,2,1400000,80,7.5,12.4,6.8,1448,329,0,NORMAL
2.9,0,2,2000000,75,16.2,6.4,11.3,760,329,0,NORMAL
1.8,15,1,2000000,85,5.4,11.5,15.2,1447,261,5,NORMAL
12.2,16,2,2000000,75,15.4,6.1,6.2,949,364,8,NORMAL
18.5,7,1,3100000,70,14.4,9.1,4.8,951,359,0,NORMAL
8.8,12,1,1900000,85,17.4,10.2,6.1,1436,333,0,NORMAL
34.5,66,3,4900000,30,37.3,48.2,68.4,3908,532,83,SUSPICIOUS
60.5,174,5,9700000,30,36.8,78.0,59.3,5395,583,15,SUSPICIOUS
8.7,3,2,2900000,75,8.3,9.7,10.5,1353,351,0,NORMAL
57.6,159,4,8400000,30,50.1,70.2,50.7,4078,621,5,SUSPICIOUS
35.8,78,4,6100000,35,55.0,37.9,69.5,3334,575,89,SUSPICIOUS
9.0,0,2,2300000,100,14.7,14.1,4.0,1237,341,0,NORMAL
13.9,11,2,2400000,100,7.4,4.2,11.5,1303,346,0,NORMAL
12.3,21,2,1400000,70,6.5,10.6,6.5,809,338,0,NORMAL
8.3,5,2,1700000,100,8.0,11.7,11.8,1424,361,0,NORMAL
55.9,139,6,8700000,25,32.0,67.5,62.7,5971,526,15,SUSPICIOUS
7.5,11,2,2400000,70,14.9,8.8,16.0,1600,302,0,NORMAL
13.4,36,2,2700000,55,8.5,9.4,5.3,993,339,0,NORMAL
8.6,9,2,2100000,65,14.6,6.9,14.6,1571,284,0,NORMAL
8.0,7,3,2100000,55,14.2,4.8,7.3,936,305,0,NORMAL
4.2,45,2,2800000,80,9.4,7.0,12.0,1394,320,0,NORMAL
1.3,0,4,3500000,80,17.9,13.7,10.6,1382,320,0,NORMAL
2.8,34,1,3300000,100,8.4,10.8,14.4,1321,354,0,NORMAL
12.0,0,3,1400000,55,13.3,4.4,5.3,1171,344,0,NORMAL
53.0,193,5,5300000,12,43.6,58.2,71.6,3482,539,5,SUSPICIOUS
44.9,127,5,7000000,10,50.8,56.3,71.6,5480,518,10,SUSPICIOUS
6.6,9,2,2600000,85,5.6,6.6,16.3,1107,405,0,NORMAL
6.5,0,3,2900000,80,8.2,11.6,7.4,1400,339,5,NORMAL
8.4,2,3,2500000,90,6.9,6.0,13.1,879,340,0,NORMAL
7.2,15,3,1400000,100,17.1,9.3,6.6,918,284,5,NORMAL
6.5,1,2,2900000,70,12.6,11.4,15.8,1185,317,0,NORMAL
4.5,13,3,1400000,85,12.5,13.3,12.8,941,332,0,NORMAL
18.5,3,2,1300000,100,11.4,14.1,14.7,802,323,8,NORMAL
5.3,2,3,1500000,65,15.0,5.1,14.7,1588,322,5,NORMAL
7.4,15,3,2500000,55,12.0,6.6,9.0,1330,368,0,NORMAL
4.5,28,2,1600000,85,14.9,10.9,7.2,1501,382,0,NORMAL
50.4,208,4,7500000,15,77.4,43.1,72.7,3315,601,8,SUSPICIOUS
72.9,104,4,8200000,40,30.3,50.6,50.3,6345,493,15,SUSPICIOUS
1.2,10,1,3800000,60,17.2,11.3,7.1,1360,324,0,NORMAL
7.8,0,2,3200000,90,9.2,5.9,16.0,1075,318,0,NORMAL
37.5,107,4,3900000,30,53.9,29.0,73.8,3275,595,94,SUSPICIOUS
42.5,72,2,4800000,35,51.4,43.1,73.0,3438,589,74,SUSPICIOUS
5.6,0,1,2800000,60,7.9,5.8,14.1,765,358,0,NORMAL
10.0,0,2,2700000,55,16.2,13.6,15.0,1599,333,0,NORMAL
36.0,103,2,4000000,20,56.2,49.9,60.2,3242,456,88,SUSPICIOUS
72.8,153,5,9300000,30,42.1,56.1,68.1,6488,560,5,SUSPICIOUS
1.2,11,2,1300000,85,8.9,13.7,4.7,1281,330,0,NORMAL
3.1,1,3,3800000,60,6.5,7.7,9.4,1343,345,0,NORMAL
11.6,3,2,1700000,75,5.1,8.1,9.7,995,351,0,NORMAL
9.7,0,2,3000000,80,7.5,13.2,16.5,1510,328,0,NORMAL
11.0,20,2,3300000,95,11.9,13.8,3.6,868,376,0,NORMAL
6.3,10,2,1900000,90,6.2,8.0,5.3,812,318,0,NORMAL
88.3,137,5,6900000,30,53.9,64.3,77.4,6394,528,0,SUSPICIOUS
18.5,19,2,3300000,95,15.2,9.9,5.1,1442,352,0,NORMAL
11.1,0,2,1500000,55,13.4,6.6,14.4,1380,276,5,NORMAL
14.8,28,2,3600000,75,6.3,5.2,6.4,1265,363,0,NORMAL
4.1,4,2,1800000,75,10.6,9.1,5.0,1228,325,12,NORMAL
68.8,268,4,6800000,20,74.6,65.5,71.4,3591,591,0,SUSPICIOUS
13.6,22,3,2700000,100,15.4,9.3,9.7,1002,300,0,NORMAL
9.7,21,2,2200000,100,14.4,4.7,5.0,776,388,0,NORMAL
12.0,15,3,2300000,75,5.6,10.6,6.2,892,340,0,NORMAL
1.6,0,2,2100000,95,7.4,4.1,4.1,1090,365,0,NORMAL
5.8,1,2,3600000,70,12.1,5.2,6.5,1020,366,5,NORMAL
32.8,112,3,8300000,0,58.9,59.7,66.9,5016,502,10,SUSPICIOUS
5.8,14,2,2700000,65,6.6,11.3,13.7,967,374,0,NORMAL
16.0,3,3,2700000,100,5.1,8.3,4.3,1256,347,0,NORMAL
10.6,2,3,2800000,75,9.9,11.7,5.9,1062,365,5,NORMAL
9.7,0,3,1300000,85,6.6,4.0,6.9,1159,371,0,NORMAL
4.7,45,2,1600000,60,9.7,5.8,13.9,1400,339,0,NORMAL
7.8,0,1,3000000,100,9.2,5.6,7.3,1620,300,0,NORMAL
56.9,124,4,5400000,10,51.3,35.2,77.8,4557,622,5,SUSPICIOUS
6.1,11,3,2300000,55,10.6,6.5,15.4,1593,336,0,NORMAL
5.6,17,1,2200000,95,9.2,13.4,8.4,1145,351,0,NORMAL
57.9,176,4,6600000,30,38.2,69.8,70.3,4884,552,15,SUSPICIOUS
8.9,16,2,3900000,75,5.3,7.6,14.3,973,321,5,NORMAL
14.7,9,2,1300000,95,15.9,11.5,15.5,1599,343,0,NORMAL
6.4,4,1,2800000,80,14.1,5.5,12.8,1030,338,0,NORMAL
14.8,1,3,1700000,90,10.5,5.6,7.7,1516,328,0,NORMAL
93.9,71,4,8400000,30,52.6,54.5,50.9,4805,631,15,SUSPICIOUS
5.1,14,2,3200000,80,8.3,8.8,8.1,1640,298,0,NORMAL
9.7,8,2,2400000,90,14.1,5.9,5.6,935,335,0,NORMAL
6.4,5,2,1200000,80,5.5,4.9,6.1,1053,344,8,NORMAL
9.9,10,1,2000000,75,8.9,6.8,13.4,1457,328,0,NORMAL
48.7,97,3,6600000,30,38.7,33.0,59.1,3865,550,86,SUSPICIOUS
9.7,0,2,2300000,65,10.8,4.4,8.6,1106,344,0,NORMAL
4.8,7,2,1900000,70,14.7,9.2,6.8,923,380,0,NORMAL
18.5,3,1,1800000,70,7.8,14.1,13.0,1208,319,0,NORMAL
3.7,27,2,2700000,80,5.8,10.5,13.8,1434,341,0,NORMAL
53.2,256,4,6000000,30,75.4,58.1,81.3,5100,743,8,SUSPICIOUS
44.9,221,5,8600000,20,72.3,59.6,79.6,4756,636,0,SUSPICIOUS
87.0,120,4,9100000,40,40.9,73.6,67.9,6473,508,15,SUSPICIOUS
37.2,109,3,5400000,35,57.4,42.3,67.1,3105,595,84,SUSPICIOUS
5.2,10,2,1300000,75,12.5,9.7,10.0,1371,345,0,NORMAL
16.2,2,1,1500000,85,10.7,12.8,6.7,978,340,0,NORMAL
12.0,2,3,2200000,75,13.7,10.5,5.3,851,321,8,NORMAL
18.5,31,4,2000000,65,8.1,5.7,16.4,1612,307,0,NORMAL
10.2,12,2,2700000,75,10.1,9.0,8.6,1427,326,5,NORMAL
56.3,188,5,8200000,5,69.4,43.7,82.7,3761,517,5,SUSPICIOUS
4.8,0,2,3500000,55,8.0,5.9,5.4,1169,263,0,NORMAL
85.6,130,5,7700000,40,47.1,52.4,57.3,5945,619,0,SUSPICIOUS
17.4,2,2,2900000,60,12.2,11.8,6.9,763,332,0,NORMAL
5.2,14,2,2000000,65,7.0,8.3,11.3,1278,324,0,NORMAL
12.7,43,2,2300000,55,8.5,8.0,15.5,1471,326,0,NORMAL
4.0,4,4,2600000,65,8.2,7.4,13.6,1446,319,0,NORMAL
6.7,3,2,3400000,55,12.8,3.9,8.1,1641,368,5,NORMAL
18.5,0,2,3600000,100,10.7,5.7,6.7,847,315,0,NORMAL
9.2,14,2,2800000,75,5.6,10.9,15.1,1031,324,0,NORMAL
70.5,213,4,6300000,15,80.4,58.8,82.0,4835,709,14,SUSPICIOUS
4.6,3,2,1400000,80,9.4,3.7,5.1,1575,324,0,NORMAL
5.2,0,2,1300000,85,13.8,7.1,16.8,839,280,0,NORMAL
36.1,107,2,6500000,25,36.6,43.7,60.8,3094,458,73,SUSPICIOUS
3.0,0,2,2800000,65,14.2,9.7,16.3,1203,358,0,NORMAL
6.3,2,1,2400000,85,8.0,10.5,14.5,1555,310,0,NORMAL
15.1,6,3,1400000,65,13.6,14.5,9.3,1163,347,8,NORMAL
6.5,23,3,2100000,75,8.2,8.7,8.5,1092,388,0,NORMAL
7.6,16,2,2600000,55,11.5,12.3,9.2,1251,368,12,NORMAL
1.8,0,3,1200000,75,15.9,4.0,6.3,1502,368,8,NORMAL
7.1,1,2,3100000,70,12.6,4.9,4.7,1079,334,0,NORMAL
9.7,12,2,1200000,90,5.3,9.0,9.7,1520,375,0,NORMAL
3.9,37,2,1500000,75,15.3,6.0,12.5,788,369,5,NORMAL
18.5,9,3,3000000,55,7.2,13.1,11.6,1574,340,0,NORMAL
6.2,18,1,1800000,70,16.1,5.8,12.2,1208,373,0,NORMAL
7.5,0,2,2200000,55,9.4,11.3,10.8,1412,350,0,NORMAL
4.7,14,2,1600000,60,18.0,4.0,16.7,1430,342,12,NORMAL
12.8,6,2,2700000,90,6.9,8.8,3.2,1056,316,0,NORMAL
15.4,33,2,1700000,85,10.1,10.9,9.7,1286,359,0,NORMAL
49.0,145,4,4000000,25,36.3,48.3,64.9,3553,526,91,SUSPICIOUS
32.8,67,2,4400000,25,38.5,47.3,50.4,3343,478,85,SUSPICIOUS
94.5,138,6,7000000,40,36.4,53.4,77.3,4309,599,5,SUSPICIOUS
32.5,121,3,7700000,12,57.5,42.0,57.3,4471,554,5,SUSPICIOUS
7.6,0,2,1300000,100,16.0,4.2,3.4,914,374,0,NORMAL
3.7,14,2,1700000,70,14.4,5.6,15.5,820,331,0,NORMAL
4.3,1,4,1300000,65,13.2,13.0,4.9,1237,349,0,NORMAL
5.1,4,4,3100000,80,16.6,9.3,12.4,1609,354,0,NORMAL
5.2,0,2,3100000,75,10.0,4.4,5.1,869,364,0,NORMAL
57.0,298,5,7400000,30,64.1,57.8,77.4,3522,576,8,SUSPICIOUS
5.3,0,3,2800000,100,5.5,11.3,9.3,811,321,0,NORMAL
4.0,35,2,2800000,95,13.4,6.5,5.2,813,329,0,NORMAL
7.1,0,3,2300000,80,16.9,14.0,3.1,1263,353,0,NORMAL
2.7,13,4,2200000,80,10.5,9.5,12.5,1532,328,0,NORMAL
6.3,10,2,3000000,90,14.8,8.6,15.2,1174,277,0,NORMAL
4.1,1,2,1400000,55,7.3,14.4,13.0,1460,357,0,NORMAL
4.1,0,3,2500000,75,8.2,8.0,13.6,785,349,8,NORMAL
31.9,120,2,5000000,35,35.0,37.8,53.3,4057,457,78,SUSPICIOUS
2.5,6,1,3100000,100,11.6,8.1,8.6,1102,382,0,NORMAL
10.6,17,2,2200000,80,5.1,12.1,9.5,1584,297,0,NORMAL
11.3,0,2,2500000,65,8.9,10.8,4.9,1219,346,0,NORMAL
18.5,4,1,1900000,90,12.0,14.3,16.1,1119,307,8,NORMAL
15.2,0,2,1900000,65,11.3,8.9,4.7,1038,317,0,NORMAL
11.0,2,3,2100000,70,15.4,10.1,13.0,1224,343,0,NORMAL
1.2,17,2,2700000,70,10.4,13.6,8.1,812,312,0,NORMAL
58.9,191,6,7100000,30,78.5,56.1,63.5,3803,564,8,SUSPICIOUS
3.3,8,3,2600000,80,8.0,14.1,15.7,1016,371,0,NORMAL
2.5,0,2,2100000,100,9.2,8.6,16.2,1592,338,0,NORMAL
11.8,8,1,3000000,65,5.9,3.6,16.4,1026,316,12,NORMAL
4.1,0,3,3500000,100,9.1,6.6,4.3,979,399,0,NORMAL
1.2,2,2,2800000,100,16.9,5.4,14.4,1370,325,0,NORMAL
13.0,0,2,2700000,60,11.0,14.4,6.2,1594,410,5,NORMAL
44.9,92,4,5000000,0,67.8,55.4,64.7,3372,613,5,SUSPICIOUS
3.7,1,2,1900000,65,17.8,12.4,9.4,1394,372,0,NORMAL
8.2,0,3,3100000,60,5.8,8.6,15.7,846,314,0,NORMAL
62.6,90,4,7400000,25,36.3,76.7,64.5,5767,593,0,SUSPICIOUS
59.5,172,5,5400000,12,40.5,49.8,55.4,3549,628,10,SUSPICIOUS
1.7,13,2,1900000,55,7.5,8.7,9.6,1388,349,0,NORMAL
42.0,130,4,6400000,30,51.3,46.7,72.9,4196,472,90,SUSPICIOUS
13.5,9,2,1700000,65,12.2,10.3,9.6,1309,324,0,NORMAL
42.6,176,6,6300000,30,70.6,61.9,85.2,4393,582,14,SUSPICIOUS
8.6,0,3,3200000,60,12.3,4.3,13.7,759,279,0,NORMAL
4.9,0,2,1500000,75,5.4,6.8,12.1,1403,355,5,NORMAL
68.3,205,4,7800000,15,68.8,45.7,69.0,3949,730,14,SUSPICIOUS
8.7,0,2,1800000,85,10.6,11.1,3.8,1383,325,0,NORMAL
12.8,16,2,2000000,75,11.5,6.0,3.6,1422,355,8,NORMAL
5.0,0,3,2200000,65,12.5,10.6,12.6,1309,333,0,NORMAL
53.6,214,3,6600000,12,50.9,44.3,84.8,3459,645,10,SUSPICIOUS
1.2,25,3,1900000,85,6.8,6.4,8.4,1220,401,5,NORMAL
52.6,146,2,5400000,25,52.1,41.3,55.8,4145,470,77,SUSPICIOUS
16.2,7,2,3500000,55,6.1,10.1,6.4,898,333,5,NORMAL
4.9,18,2,3300000,85,15.3,5.7,14.3,907,377,0,NORMAL
6.4,5,2,2700000,60,10.8,5.6,6.8,1275,335,0,NORMAL
18.5,0,2,2200000,100,15.5,6.0,6.6,1217,303,0,NORMAL
41.1,151,3,7400000,12,43.9,59.2,84.5,5149,612,0,SUSPICIOUS
5.8,10,2,3600000,85,11.3,9.7,11.3,1447,358,0,NORMAL
1.7,7,2,1200000,60,13.8,4.8,12.7,1316,322,5,NORMAL
7.5,11,2,1400000,65,8.7,7.4,15.5,1076,334,5,NORMAL
1.2,0,1,1700000,85,11.1,10.0,15.4,1236,331,0,NORMAL
4.2,0,3,1900000,90,5.7,6.6,6.7,912,354,0,NORMAL
9.8,0,3,3000000,65,5.0,9.0,13.5,779,384,0,NORMAL
6.9,5,2,1900000,95,16.3,9.6,11.5,1213,342,8,NORMAL
5.0,10,2,2200000,65,13.4,9.6,6.5,1002,402,5,NORMAL
8.7,8,2,1600000,65,11.8,4.9,16.5,827,334,0,NORMAL
5.8,0,1,3700000,95,5.8,11.6,10.3,863,317,0,NORMAL
3.8,8,2,1700000,85,10.5,12.3,7.9,1419,410,0,NORMAL
7.5,45,2,2400000,65,7.8,12.9,9.0,1505,358,0,NORMAL
94.0,157,5,8300000,25,35.2,72.3,68.9,4184,469,5,SUSPICIOUS
7.9,4,2,3100000,90,13.5,12.5,3.7,1185,319,0,NORMAL
3.1,0,2,2200000,65,15.7,7.3,12.5,1608,352,0,NORMAL
10.3,5,2,2000000,70,15.4,7.3,12.7,1059,341,5,NORMAL
8.0,45,1,3200000,60,9.9,9.0,11.5,848,348,0,NORMAL
10.6,0,3,1600000,95,11.4,14.3,5.0,1348,313,0,NORMAL
12.3,5,2,1400000,65,10.3,3.7,4.1,1250,358,0,NORMAL
48.5,67,2,5100000,20,41.8,41.5,74.3,2699,536,93,SUSPICIOUS
1.2,0,1,1800000,90,13.2,7.0,16.6,951,348,0,NORMAL
7.4,8,2,3300000,85,10.9,9.2,9.8,1177,313,0,NORMAL
51.9,305,4,8000000,20,60.3,64.1,72.1,4529,559,8,SUSPICIOUS
7.1,5,2,3800000,60,15.9,12.8,13.8,1244,306,0,NORMAL
88.1,156,6,7300000,30,51.0,61.9,69.3,5294,548,5,SUSPICIOUS
3.3,0,2,3300000,60,6.9,3.8,4.0,1598,322,0,NORMAL
90.2,105,5,7600000,30,34.5,50.0,75.6,4048,605,0,SUSPICIOUS
7.5,7,2,3900000,85,17.1,11.1,14.5,1636,346,0,NORMAL
1.2,6,2,2500000,95,6.9,9.8,6.6,1357,345,5,NORMAL
3.9,0,3,1500000,80,10.2,6.8,14.2,1251,368,0,NORMAL
14.7,9,3,2900000,75,14.9,11.0,13.8,852,331,0,NORMAL
6.3,17,2,2300000,60,10.7,6.0,8.4,915,328,0,NORMAL
4.6,24,2,2200000,55,6.4,9.1,13.3,902,347,0,NORMAL
6.8,7,1,2600000,65,16.7,10.3,16.7,1055,288,0,NORMAL
4.5,26,2,1200000,60,14.9,9.1,12.4,1472,334,0,NORMAL
47.8,90,5,7500000,10,67.5,50.7,80.2,4237,492,5,SUSPICIOUS
5.1,0,2,3900000,90,6.1,6.8,12.4,977,347,0,NORMAL
3.5,6,3,2500000,90,6.5,5.1,9.0,1572,353,0,NORMAL
8.8,30,2,2400000,85,13.9,7.0,6.5,806,318,0,NORMAL
7.2,16,3,1300000,75,7.4,7.1,9.0,974,346,0,NORMAL
9.8,9,2,3400000,80,12.9,10.4,11.3,1418,382,0,NORMAL
69.9,229,4,7400000,30,61.3,51.0,61.9,3764,746,8,SUSPICIOUS
7.3,3,3,2200000,75,7.5,11.5,5.2,1398,301,5,NORMAL
5.7,3,2,1800000,90,14.8,8.5,14.8,1047,326,0,NORMAL
13.9,0,2,1500000,65,9.7,11.6,12.3,1113,350,0,NORMAL
36.6,202,4,6100000,10,69.3,56.6,64.7,4049,524,10,SUSPICIOUS
61.0,176,3,5900000,0,50.8,45.5,58.0,4847,531,5,SUSPICIOUS
46.9,167,3,6300000,10,43.0,54.0,72.9,5069,557,0,SUSPICIOUS
9.1,6,2,1300000,85,6.5,5.4,7.9,912,371,0,NORMAL
6.3,2,3,2400000,70,17.8,10.3,10.8,1385,330,5,NORMAL
11.9,7,2,1900000,85,11.2,6.0,12.0,1186,377,0,NORMAL
1.2,0,3,2500000,70,5.2,8.2,5.6,1117,400,0,NORMAL
46.7,93,4,5800000,12,55.9,50.0,83.1,3989,659,10,SUSPICIOUS
4.7,3,3,2100000,70,5.6,13.4,15.7,1541,292,0,NORMAL
56.5,134,4,9300000,30,53.5,71.9,77.6,4517,557,15,SUSPICIOUS
6.5,5,2,2100000,75,8.5,8.4,12.1,985,344,0,NORMAL
4.9,0,2,3800000,70,14.3,10.8,7.8,1645,288,0,NORMAL
50.0,155,3,5600000,25,36.5,32.6,59.6,3041,434,72,SUSPICIOUS
9.5,0,2,1800000,85,14.2,7.2,4.6,1435,319,0,NORMAL
18.5,0,2,2800000,90,15.2,12.6,13.1,1346,386,0,NORMAL
9.1,7,2,2500000,100,15.4,9.7,13.4,1120,377,0,NORMAL
3.8,0,2,1600000,85,5.7,8.9,9.2,944,398,0,NORMAL
40.8,148,3,4400000,30,49.5,29.6,50.2,4124,469,88,SUSPICIOUS
47.2,183,4,7400000,20,64.0,57.5,84.6,3426,739,14,SUSPICIOUS
3.5,0,3,2400000,60,10.0,7.9,14.0,930,297,0,NORMAL
8.4,20,2,3100000,100,15.8,8.2,6.9,762,332,0,NORMAL
11.3,35,1,2500000,95,17.5,5.1,11.1,1459,340,8,NORMAL
34.4,75,4,3900000,30,45.0,38.1,72.2,2681,444,79,SUSPICIOUS
18.5,28,3,1500000,65,15.9,13.2,15.9,1503,323,0,NORMAL
10.5,0,2,1500000,95,10.0,6.6,13.1,1159,321,0,NORMAL
70.9,246,5,8200000,15,60.7,54.0,83.8,5078,626,0,SUSPICIOUS
33.3,126,4,5900000,10,65.3,42.1,76.4,3528,649,5,SUSPICIOUS
41.7,282,4,8600000,20,62.7,42.8,78.2,4560,690,14,SUSPICIOUS
11.8,13,3,2200000,65,10.3,6.7,10.8,1302,303,8,NORMAL
5.3,6,1,1300000,60,15.0,9.5,3.9,885,383,0,NORMAL
8.8,17,3,1600000,100,8.0,12.5,7.1,1314,358,0,NORMAL
10.4,35,3,1500000,55,11.0,9.5,16.2,1584,355,0,NORMAL
5.9,25,1,2800000,55,17.0,4.5,16.4,1362,291,0,NORMAL
9.3,0,3,2600000,90,14.6,13.0,10.3,961,313,0,NORMAL
11.6,0,2,2700000,100,15.1,13.9,4.0,974,365,0,NORMAL
3.9,25,3,2900000,85,6.9,14.5,11.7,910,342,5,NORMAL
3.4,0,2,2900000,100,16.4,11.9,3.3,839,297,0,NORMAL
48.1,149,3,6500000,25,47.1,30.0,48.9,3080,544,92,SUSPICIOUS
12.8,4,2,2000000,60,13.8,6.0,10.1,823,360,0,NORMAL
3.4,16,2,3300000,65,11.4,6.6,14.0,1136,382,0,NORMAL
5.9,0,2,3700000,85,5.2,7.2,14.1,881,330,0,NORMAL
5.2,2,3,3000000,70,14.4,13.9,15.3,1593,345,0,NORMAL
41.6,130,3,5900000,10,49.4,38.7,72.4,3444,583,10,SUSPICIOUS
14.6,6,2,2200000,85,9.1,6.0,4.0,1052,304,0,NORMAL
1.8,5,2,1800000,75,13.4,14.2,14.9,1206,299,0,NORMAL
6.2,0,3,1400000,95,8.4,6.3,13.8,1008,309,0,NORMAL
44.3,246,3,6000000,15,68.8,42.2,88.8,3985,718,14,SUSPICIOUS
4.8,2,2,2300000,60,10.2,5.8,12.1,1083,362,0,NORMAL
3.6,0,1,1400000,90,8.1,13.9,15.2,861,308,0,NORMAL
49.2,152,3,6900000,30,77.6,47.7,73.3,4271,588,14,SUSPICIOUS
31.5,125,3,6000000,30,47.6,34.0,73.4,2957,541,83,SUSPICIOUS
35.8,65,2,4000000,20,50.0,38.8,50.8,2996,590,78,SUSPICIOUS
4.9,15,2,2000000,65,7.0,8.3,8.6,1468,370,0,NORMAL
14.6,5,3,1600000,70,9.8,6.4,12.0,1057,319,0,NORMAL
62.5,116,4,7500000,25,42.2,76.4,56.8,5996,464,5,SUSPICIOUS
39.2,157,4,7200000,0,64.3,40.9,68.8,4364,544,5,SUSPICIOUS
8.9,5,3,2000000,100,16.2,9.0,12.4,823,345,5,NORMAL
16.7,6,2,2700000,80,10.1,13.9,6.5,1169,329,5,NORMAL
10.6,2,2,3700000,65,7.7,12.8,3.4,1439,306,0,NORMAL
1.8,0,1,2900000,85,9.8,12.4,10.3,951,362,5,NORMAL
12.2,0,3,2900000,80,6.1,5.6,14.5,1047,366,0,NORMAL
90.5,132,5,8400000,30,49.6,58.3,66.4,5057,498,15,SUSPICIOUS
34.8,208,5,6700000,0,45.6,39.4,81.2,3422,575,0,SUSPICIOUS
2.3,0,4,1700000,65,7.8,3.6,7.2,1021,333,0,NORMAL
7.7,0,2,1900000,80,13.9,13.4,14.7,1066,313,0,NORMAL
65.4,206,4,8300000,20,77.7,51.7,68.9,5091,587,8,SUSPICIOUS
50.6,177,5,7300000,0,53.3,41.2,75.4,3378,618,0,SUSPICIOUS
77.8,159,6,9400000,30,37.1,67.9,68.2,4619,507,0,SUSPICIOUS
5.0,13,1,1500000,55,5.2,7.0,10.8,859,340,5,NORMAL
8.0,0,3,2100000,85,16.4,13.3,16.4,1237,293,0,NORMAL
4.0,0,2,2200000,85,8.4,8.0,9.4,943,345,0,NORMAL
6.2,16,2,1500000,60,7.3,12.8,7.2,1633,327,0,NORMAL
45.0,61,3,5000000,30,40.6,38.3,52.5,3493,598,81,SUSPICIOUS
28.9,74,3,5000000,30,55.9,48.9,69.2,2868,574,80,SUSPICIOUS
7.4,5,3,2600000,80,8.6,6.6,16.5,1057,354,0,NORMAL
12.1,12,2,1300000,60,13.6,5.9,4.4,893,271,0,NORMAL
63.9,97,5,8100000,10,44.9,44.2,58.0,3474,633,0,SUSPICIOUS
5.4,3,1,2100000,75,10.2,10.3,11.9,1551,340,0,NORMAL
6.9,2,1,3000000,60,13.1,7.4,14.0,1553,331,0,NORMAL
1.2,0,4,1800000,70,10.3,11.2,4.9,1405,340,0,NORMAL
13.3,11,2,1200000,80,6.3,12.4,3.5,1156,370,0,NORMAL
9.9,4,2,3600000,60,16.6,10.8,7.8,856,371,5,NORMAL
18.5,0,3,1400000,100,13.8,14.1,6.6,1527,342,0,NORMAL
2.0,34,2,3000000,90,11.5,3.7,6.5,1050,325,0,NORMAL
13.3,32,4,2400000,55,7.0,12.5,6.1,869,272,0,NORMAL
4.0,7,2,3600000,85,6.4,7.9,7.7,1035,313,0,NORMAL
4.7,6,2,3400000,75,12.7,11.4,13.4,950,368,0,NORMAL
40.8,134,2,6500000,35,44.7,36.5,60.1,3740,572,75,SUSPICIOUS
10.6,0,2,3000000,55,13.0,4.8,7.8,932,339,0,NORMAL
6.5,10,2,3000000,55,11.5,5.1,9.2,1230,334,0,NORMAL
3.5,45,3,3100000,85,8.8,12.2,5.6,785,344,0,NORMAL
69.2,226,4,8100000,30,72.7,48.7,89.8,4191,630,0,SUSPICIOUS
57.2,154,3,5900000,5,63.7,51.2,72.1,4761,616,0,SUSPICIOUS
43.1,193,5,6100000,20,71.7,58.5,70.0,4932,681,8,SUSPICIOUS
8.6,6,2,1700000,95,6.8,14.3,6.5,958,341,0,NORMAL
11.3,0,3,1300000,85,13.1,8.8,9.7,1296,371,0,NORMAL
10.8,11,3,1400000,90,5.7,9.5,7.0,1080,329,5,NORMAL
46.1,93,5,7700000,10,43.6,36.6,84.2,3980,604,5,SUSPICIOUS
56.7,133,6,7300000,25,37.7,61.5,60.4,6381,491,5,SUSPICIOUS
17.3,24,2,1800000,90,7.6,14.0,5.5,1338,329,0,NORMAL
2.7,9,2,1300000,55,9.3,4.3,13.5,1527,364,0,NORMAL
3.3,0,2,1500000,90,9.1,7.3,9.8,1032,327,0,NORMAL
49.7,122,4,6600000,5,47.5,37.3,77.5,4165,675,0,SUSPICIOUS
59.2,207,3,5700000,30,82.7,57.9,84.6,4960,700,0,SUSPICIOUS
9.3,9,2,2500000,90,15.1,7.7,10.1,1501,308,0,NORMAL
41.9,134,3,5900000,20,55.7,43.6,59.4,3784,451,95,SUSPICIOUS
9.0,45,2,1400000,65,16.1,12.5,9.3,1290,313,0,NORMAL
2.3,15,2,3000000,65,12.2,10.6,3.2,1085,302,0,NORMAL
8.5,0,3,2100000,75,8.8,13.4,4.6,919,325,0,NORMAL
17.4,8,2,2500000,55,15.7,13.3,5.8,1076,334,0,NORMAL
2.1,17,2,1400000,100,9.3,8.3,6.6,1503,319,0,NORMAL
6.2,34,3,1700000,65,12.3,5.6,6.0,1131,323,0,NORMAL
15.9,6,2,2200000,80,8.5,6.6,16.1,954,337,0,NORMAL
2.2,0,2,2700000,85,9.0,6.7,14.2,994,342,5,NORMAL
5.3,1,1,2600000,95,12.1,6.6,16.3,1326,348,0,NORMAL
3.8,11,2,3500000,75,9.4,13.8,15.8,1608,394,0,NORMAL
8.3,0,2,1200000,85,8.8,5.8,6.3,1448,362,0,NORMAL
15.3,7,2,2300000,100,5.3,6.8,10.0,1322,325,0,NORMAL
11.2,3,4,1300000,85,9.8,7.8,13.6,1424,333,0,NORMAL
58.5,195,4,7100000,20,76.8,58.9,70.1,3111,565,0,SUSPICIOUS
6.5,5,3,2500000,80,11.0,6.1,16.2,833,347,0,NORMAL
8.8,0,2,1600000,95,13.4,5.4,8.1,1431,271,5,NORMAL
3.4,0,1,1700000,55,11.9,5.4,6.5,1092,342,0,NORMAL
5.9,0,2,1600000,85,10.4,11.5,4.9,918,371,0,NORMAL
1.5,1,2,2000000,90,15.5,14.4,8.8,845,356,5,NORMAL
3.7,9,2,1700000,100,9.9,7.0,12.5,1165,326,0,NORMAL
1.2,0,3,3000000,55,11.8,9.1,5.3,756,311,0,NORMAL
5.7,16,2,2600000,85,5.3,3.9,11.2,1561,392,0,NORMAL
8.0,4,2,2300000,90,16.6,7.8,7.4,1212,369,0,NORMAL
86.5,156,6,9000000,40,36.7,62.6,76.5,4294,579,5,SUSPICIOUS
41.8,146,3,5300000,25,46.7,33.1,62.7,3530,574,95,SUSPICIOUS
9.6,20,2,1400000,75,7.1,7.1,13.6,963,401,0,NORMAL
34.2,66,2,6900000,25,42.3,33.9,67.9,4194,471,77,SUSPICIOUS
2.7,0,3,1900000,60,7.2,11.7,7.2,1169,354,0,NORMAL
41.9,292,3,5900000,30,72.4,54.2,72.0,5125,718,0,SUSPICIOUS
7.4,28,2,2000000,75,6.3,4.3,8.1,1192,344,0,NORMAL
12.6,17,4,2500000,70,6.6,11.6,6.3,1580,297,0,NORMAL
31.2,202,4,8000000,5,45.2,36.6,68.3,5157,630,5,SUSPICIOUS
2.3,22,2,2300000,75,8.3,5.9,9.8,950,347,5,NORMAL
59.3,124,3,6400000,10,50.7,58.7,73.1,5489,510,0,SUSPICIOUS
7.6,1,2,1300000,90,13.5,14.2,11.5,1044,336,0,NORMAL
14.6,4,2,3400000,90,17.8,8.9,15.2,904,307,5,NORMAL
3.4,0,3,3000000,60,7.6,10.3,4.2,1380,340,0,NORMAL
92.7,79,5,9500000,40,54.4,68.0,50.9,4914,618,0,SUSPICIOUS
8.1,0,2,1900000,85,6.6,12.0,6.3,1482,346,5,NORMAL
7.2,14,2,3600000,75,6.4,11.4,15.0,793,326,0,NORMAL
5.1,0,2,1700000,60,14.9,12.3,9.1,1080,346,0,NORMAL
46.0,64,2,5800000,20,41.6,40.6,58.3,3619,545,82,SUSPICIOUS
76.7,127,4,9000000,30,34.7,65.7,70.8,4477,578,15,SUSPICIOUS
1.4,8,2,3200000,65,10.9,6.6,7.2,1648,349,0,NORMAL
10.5,5,1,3700000,70,18.0,11.8,12.9,1160,385,5,NORMAL
35.0,149,3,6800000,12,41.0,44.9,72.5,3661,565,0,SUSPICIOUS
85.3,145,5,9400000,30,53.2,66.9,56.1,4303,521,5,SUSPICIOUS
7.9,4,2,3000000,90,12.5,13.4,14.4,1032,359,0,NORMAL
5.0,23,1,3800000,80,14.8,8.7,5.1,827,331,0,NORMAL
9.8,27,2,1300000,100,8.1,12.5,7.7,1160,284,0,NORMAL
5.1,44,1,3000000,60,14.3,9.9,4.2,1647,318,0,NORMAL
1.2,0,2,3100000,100,9.4,12.4,3.7,1104,306,0,NORMAL
2.1,0,3,2400000,85,6.6,13.1,10.2,1118,340,0,NORMAL
80.9,172,6,9600000,25,40.5,73.3,50.6,6279,607,0,SUSPICIOUS
1.2,0,3,1400000,85,12.6,6.0,5.1,1402,354,0,NORMAL
34.9,134,3,8400000,10,47.3,54.1,57.1,5549,499,5,SUSPICIOUS
11.2,12,1,3400000,100,6.4,3.7,15.7,1004,311,0,NORMAL
10.0,0,3,2900000,60,16.5,9.3,9.2,1113,380,0,NORMAL
15.0,10,2,1900000,85,5.4,10.5,8.1,1639,323,8,NORMAL
2.6,5,2,2000000,80,10.3,5.9,13.7,1059,392,0,NORMAL
2.4,11,3,3400000,100,5.0,14.3,15.7,927,360,0,NORMAL
10.5,4,2,2500000,100,9.5,14.4,4.4,1028,379,0,NORMAL
11.2,18,2,1500000,80,6.0,13.8,6.6,1390,348,0,NORMAL
5.4,45,2,1900000,80,11.0,8.9,3.3,1175,288,0,NORMAL
13.1,0,2,2900000,65,7.4,4.7,7.8,1277,325,0,NORMAL
1.8,0,2,2100000,90,13.0,11.3,5.3,1033,331,0,NORMAL
44.5,306,4,6800000,30,58.3,47.0,86.8,5116,712,8,SUSPICIOUS
16.8,11,2,2000000,100,8.9,5.9,3.5,1416,292,0,NORMAL
3.5,22,2,1800000,55,12.3,4.8,8.3,1197,384,0,NORMAL
1.2,5,3,3100000,80,14.7,12.9,7.0,1326,345,0,NORMAL
52.0,140,5,8000000,12,66.3,46.6,63.4,4797,612,0,SUSPICIOUS
31.0,69,3,6600000,30,40.3,34.4,70.6,4022,591,85,SUSPICIOUS
11.2,0,2,3900000,95,14.8,9.0,4.8,1635,360,0,NORMAL
79.3,84,4,8400000,40,38.4,59.4,53.7,4862,577,5,SUSPICIOUS
72.1,155,5,7300000,30,33.0,57.0,54.2,4569,574,15,SUSPICIOUS
6.3,4,3,1200000,60,11.2,10.1,7.1,1050,297,0,NORMAL
4.4,0,2,1700000,70,5.9,14.2,15.4,1261,346,0,NORMAL
83.8,179,4,7900000,40,52.2,57.1,61.2,5146,481,15,SUSPICIOUS
18.5,5,1,3100000,60,17.6,13.0,11.4,1557,297,0,NORMAL
56.1,140,4,5300000,10,47.5,52.1,60.6,4013,509,5,SUSPICIOUS
13.9,10,2,1200000,75,10.5,5.4,14.4,1574,388,0,NORMAL
88.7,82,4,7200000,30,44.8,74.8,70.1,4574,499,15,SUSPICIOUS
13.9,0,2,2800000,95,12.0,12.2,9.9,1521,292,0,NORMAL
4.3,0,2,1700000,95,6.1,4.5,5.4,1291,316,0,NORMAL
31.2,97,4,7400000,12,67.3,51.2,57.5,3220,631,0,SUSPICIOUS
53.0,292,6,8500000,15,81.8,65.6,66.5,3613,600,0,SUSPICIOUS
3.6,3,3,1200000,75,12.7,11.1,7.8,1317,337,0,NORMAL
60.0,309,5,6200000,15,56.0,63.0,76.4,3826,732,8,SUSPICIOUS
12.3,12,2,1900000,90,15.5,9.1,16.7,1590,338,0,NORMAL
47.8,161,5,8100000,10,48.8,40.3,63.0,4726,657,10,SUSPICIOUS
6.4,0,2,1900000,95,6.8,12.7,16.8,1191,348,0,NORMAL
44.0,157,4,8300000,0,66.1,40.9,57.4,4312,511,0,SUSPICIOUS
3.1,45,4,1400000,80,9.7,6.4,9.1,1210,361,5,NORMAL
2.0,12,2,3800000,95,12.6,11.2,15.0,1221,280,0,NORMAL
4.5,7,2,1600000,80,11.8,13.9,11.3,996,332,0,NORMAL
6.5,1,2,2400000,55,14.4,13.9,15.8,1212,299,0,NORMAL
5.5,25,3,3300000,70,6.5,10.6,14.7,1426,289,0,NORMAL
59.5,171,4,8300000,40,48.6,74.8,67.4,4449,494,0,SUSPICIOUS
31.5,137,5,8100000,0,56.0,56.4,77.1,5184,576,10,SUSPICIOUS
1.7,0,1,3300000,55,17.1,9.5,12.3,917,339,0,NORMAL
31.0,95,4,6100000,20,39.0,32.5,60.3,2697,438,80,SUSPICIOUS
63.4,72,4,8900000,30,53.9,71.8,72.1,4581,572,0,SUSPICIOUS
39.4,169,5,5900000,5,68.3,51.8,76.0,5234,601,10,SUSPICIOUS
18.5,16,3,3700000,95,15.9,3.7,3.7,1427,364,0,NORMAL
18.5,6,2,1800000,75,6.6,14.3,13.9,861,364,0,NORMAL
5.7,0,3,1400000,90,5.2,6.6,5.9,1397,331,0,NORMAL
10.7,23,2,1600000,65,13.4,7.7,13.6,753,346,0,NORMAL
8.0,9,2,3400000,85,7.4,7.7,16.1,1640,324,0,NORMAL
76.5,71,6,8200000,25,41.4,65.9,77.0,5372,614,0,SUSPICIOUS
16.5,2,2,2000000,75,5.1,10.0,11.4,1425,290,8,NORMAL
1.2,1,2,1200000,95,7.7,12.9,14.5,1040,336,0,NORMAL
6.6,12,3,1600000,65,16.5,5.2,5.1,1537,322,0,NORMAL
5.3,6,2,3300000,70,17.5,14.1,7.1,1201,311,0,NORMAL
8.7,24,2,3000000,75,15.5,6.3,6.5,984,357,0,NORMAL
4.8,5,1,2200000,90,9.7,5.9,16.8,1582,340,0,NORMAL
4.0,0,3,1500000,60,7.4,12.9,9.9,1067,271,0,NORMAL
3.6,2,3,2700000,70,12.9,6.9,14.7,897,336,0,NORMAL
3.5,6,2,3500000,80,5.4,6.6,8.8,1210,313,5,NORMAL
5.2,6,2,3000000,60,15.1,4.1,3.2,769,341,0,NORMAL
37.8,109,2,3700000,30,43.3,35.4,50.9,3317,539,80,SUSPICIOUS
5.2,1,2,2400000,60,10.8,9.4,6.4,1380,334,0,NORMAL
3.2,0,2,2300000,60,9.3,12.1,9.1,860,292,0,NORMAL
3.3,3,1,1800000,95,12.3,5.0,5.1,1126,362,0,NORMAL
2.6,9,2,3100000,55,12.8,14.3,10.5,805,410,0,NORMAL
6.8,0,3,2400000,60,15.4,7.3,6.6,1024,388,0,NORMAL
2.0,0,3,1600000,70,14.4,13.2,11.3,1554,306,0,NORMAL
6.0,13,2,2800000,80,17.8,5.7,4.9,1221,342,0,NORMAL
12.9,0,2,2800000,85,9.4,11.2,6.1,772,279,0,NORMAL
6.0,7,2,1300000,90,15.7,4.2,11.6,992,326,0,NORMAL
2.0,15,2,1300000,65,17.4,5.2,9.1,770,274,5,NORMAL
10.8,2,3,1400000,60,7.9,4.6,11.2,1359,321,5,NORMAL
10.5,0,3,2300000,60,10.3,4.9,3.4,1271,334,0,NORMAL
39.0,123,5,6600000,12,60.7,45.2,61.2,4600,534,5,SUSPICIOUS
4.1,7,2,3600000,95,7.5,10.9,4.3,1520,344,0,NORMAL
2.6,0,2,3400000,55,8.0,12.4,11.2,1273,408,0,NORMAL
14.3,12,2,2600000,95,5.9,10.5,13.3,1199,315,0,NORMAL
16.7,5,3,2400000,95,5.0,10.1,11.5,1601,265,0,NORMAL
4.9,13,2,2200000,65,5.4,11.6,4.5,1232,312,0,NORMAL
70.4,203,5,6000000,20,70.3,59.4,63.4,4772,720,14,SUSPICIOUS
8.0,7,2,3100000,100,14.5,9.1,13.0,1288,364,0,NORMAL
14.9,0,2,2800000,100,17.2,4.4,8.4,820,320,0,NORMAL
64.1,158,4,8400000,10,62.6,51.4,72.4,5473,619,0,SUSPICIOUS
2.4,0,3,1800000,70,6.9,8.2,5.1,1310,319,0,NORMAL
77.2,72,4,7100000,25,49.0,61.0,74.8,4841,491,15,SUSPICIOUS
6.4,39,1,2800000,100,6.8,9.0,6.0,884,339,0,NORMAL
66.0,138,4,7100000,40,32.5,54.4,78.8,4629,466,5,SUSPICIOUS
13.1,0,2,2700000,95,7.3,3.7,9.9,1565,363,5,NORMAL
4.1,45,2,3300000,85,14.1,9.0,5.3,1290,348,0,NORMAL
41.4,197,3,8000000,30,75.4,41.1,78.2,3903,676,0,SUSPICIOUS
34.1,119,4,8100000,0,54.1,43.7,80.9,3816,628,10,SUSPICIOUS
5.1,37,2,2200000,100,14.2,6.1,8.4,1538,330,0,NORMAL
3.8,8,2,2700000,75,14.3,13.8,15.8,1510,338,0,NORMAL
58.4,186,5,5400000,0,63.8,51.8,75.1,5532,615,5,SUSPICIOUS
45.6,285,3,6900000,15,80.4,51.6,61.1,5029,568,14,SUSPICIOUS
6.7,32,2,2900000,75,10.2,7.4,13.8,1054,369,0,NORMAL
31.6,187,4,5100000,5,40.7,51.9,83.0,3939,529,10,SUSPICIOUS
57.3,94,4,6900000,25,47.5,75.9,74.3,4656,525,15,SUSPICIOUS
3.8,0,3,1500000,70,15.7,11.2,4.2,1468,356,0,NORMAL
2.3,21,1,3100000,55,6.6,10.5,15.6,1555,302,0,NORMAL
1.3,34,2,2100000,70,16.4,6.5,3.1,863,322,0,NORMAL
85.0,124,5,7500000,25,35.7,50.5,67.2,4452,622,5,SUSPICIOUS
49.7,197,4,6700000,15,65.8,56.8,78.3,3170,708,0,SUSPICIOUS
7.6,0,3,1300000,60,15.7,11.4,6.8,1310,381,0,NORMAL
1.5,6,2,1300000,100,16.4,14.2,3.4,1064,327,0,NORMAL
5.4,0,2,3400000,55,10.2,11.2,10.8,977,307,0,NORMAL
3.0,4,2,1600000,100,13.6,8.4,9.3,1607,350,0,NORMAL
12.6,45,2,3000000,65,5.6,10.1,7.8,1441,279,0,NORMAL
2.1,0,1,1200000,90,15.5,12.6,8.4,1502,313,0,NORMAL
9.0,0,2,1400000,70,13.9,13.8,3.7,1066,367,8,NORMAL
13.9,8,3,2500000,85,7.2,8.5,9.4,1281,341,0,NORMAL
5.7,15,1,3800000,90,15.0,5.8,13.0,1037,323,0,NORMAL
7.5,0,3,2100000,70,14.1,4.7,14.9,1632,311,0,NORMAL
87.0,129,6,7900000,40,53.1,71.0,67.7,4233,541,15,SUSPICIOUS
92.1,127,5,6700000,40,37.4,59.1,78.8,5614,504,15,SUSPICIOUS
55.4,90,3,7400000,12,53.1,59.5,65.7,5044,574,0,SUSPICIOUS
64.3,226,6,6700000,20,80.5,57.2,68.8,3250,684,8,SUSPICIOUS
29.8,159,4,4000000,30,42.5,44.6,58.0,3291,427,94,SUSPICIOUS
1.2,0,2,2500000,55,14.6,13.0,10.4,1369,302,0,NORMAL
7.2,7,2,1700000,55,9.2,10.0,4.0,1506,345,0,NORMAL
3.9,0,2,3300000,80,7.0,6.2,14.8,1062,369,8,NORMAL
4.0,5,2,1400000,70,14.3,14.2,5.8,1510,342,0,NORMAL
31.2,157,4,6600000,5,69.8,37.6,56.6,4749,559,0,SUSPICIOUS
12.4,0,2,1400000,100,9.1,12.8,3.3,1167,339,0,NORMAL
2.4,45,2,1200000,70,15.9,12.4,7.5,1049,323,0,NORMAL
7.7,23,1,2600000,90,11.0,7.9,9.0,1389,348,0,NORMAL
7.4,6,2,1300000,75,15.8,7.1,13.2,1237,301,0,NORMAL
26.7,68,3,3700000,20,48.5,32.3,57.9,3449,577,73,SUSPICIOUS
4.5,23,2,1300000,100,14.6,6.2,14.7,1232,355,0,NORMAL
32.3,156,2,4800000,20,54.1,31.5,62.8,2628,521,93,SUSPICIOUS
33.4,87,4,3500000,25,49.1,43.3,68.0,3661,463,90,SUSPICIOUS
4.7,3,4,1300000,90,16.7,13.8,12.4,1116,356,0,NORMAL
11.6,24,2,2200000,80,16.1,10.0,15.4,1135,345,8,NORMAL
5.6,37,3,2400000,90,5.1,4.2,16.9,1157,320,0,NORMAL
3.8,0,2,3900000,60,13.5,13.1,6.4,1333,388,0,NORMAL
8.0,18,2,2400000,65,15.0,4.3,8.0,790,328,5,NORMAL
16.6,5,1,3800000,85,16.8,6.5,12.1,1382,364,0,NORMAL
65.6,80,5,8400000,40,37.7,63.3,63.5,4259,536,5,SUSPICIOUS
63.2,120,4,8500000,40,48.1,73.4,62.0,4389,524,5,SUSPICIOUS
13.6,30,3,1300000,100,6.3,5.5,4.8,1269,303,0,NORMAL
29.5,110,2,6300000,20,50.3,44.8,61.4,3123,471,72,SUSPICIOUS
5.9,21,3,2000000,70,9.2,5.9,13.0,1260,382,0,NORMAL
8.9,3,2,1900000,65,5.3,14.2,14.7,1555,335,0,NORMAL
5.9,22,4,1900000,100,17.3,5.2,11.2,959,333,5,NORMAL
8.9,2,2,1500000,95,16.7,6.4,14.4,1471,356,0,NORMAL
4.4,0,3,2100000,75,13.6,6.9,7.5,1438,361,12,NORMAL
15.2,9,3,3100000,70,11.0,12.8,13.8,1601,351,0,NORMAL
3.8,0,2,3700000,100,10.9,10.9,11.2,1192,359,5,NORMAL
3.0,8,2,3400000,100,8.2,4.7,4.2,1166,374,0,NORMAL
5.1,0,2,1800000,95,11.5,14.4,4.9,1346,353,0,NORMAL
80.7,78,6,7300000,30,52.9,66.1,72.1,5095,566,0,SUSPICIOUS
4.8,9,3,3100000,90,12.8,10.9,14.3,908,304,0,NORMAL
11.0,22,2,1600000,70,11.5,12.6,8.6,1272,327,0,NORMAL
6.6,15,3,2700000,85,16.4,6.6,4.5,924,366,0,NORMAL
56.8,92,4,9100000,25,40.8,68.7,62.9,5282,476,0,SUSPICIOUS
3.5,29,3,2400000,80,12.0,13.5,14.9,1370,356,0,NORMAL
11.4,10,2,3200000,70,12.8,6.0,10.6,763,324,0,NORMAL
7.5,0,3,2700000,65,10.4,6.7,7.7,1199,355,0,NORMAL
2.8,1,2,1200000,95,10.0,5.8,4.7,1131,286,0,NORMAL
6.8,0,3,2300000,80,8.1,10.9,13.7,872,410,0,NORMAL
11.6,0,2,2300000,70,18.0,9.6,7.5,1600,344,0,NORMAL
41.3,91,3,6700000,25,43.5,35.4,46.3,3625,585,94,SUSPICIOUS
3.7,2,2,1400000,55,8.2,12.4,13.7,1094,301,0,NORMAL
12.6,10,3,2400000,55,6.2,3.5,3.6,1041,354,5,NORMAL
9.9,4,1,2000000,70,17.8,13.7,15.6,761,335,0,NORMAL
13.9,16,2,2000000,75,6.6,6.0,10.0,1165,323,0,NORMAL
13.9,8,2,2000000,70,16.3,12.6,6.0,1316,336,0,NORMAL
9.9,0,3,3600000,55,16.1,11.3,7.1,1543,314,0,NORMAL
8.3,3,3,2300000,90,12.5,4.1,7.4,904,358,0,NORMAL
10.4,6,4,1300000,100,12.2,6.8,9.0,1445,315,0,NORMAL
65.1,137,5,9200000,40,31.5,50.5,79.2,5716,486,15,SUSPICIOUS
1.7,1,2,2300000,65,7.2,8.4,5.9,984,345,0,NORMAL
6.2,0,2,1600000,65,12.9,13.9,7.8,766,395,0,NORMAL
6.9,11,3,1900000,65,7.1,12.5,12.3,1159,331,0,NORMAL
92.6,94,5,7600000,25,50.7,60.1,68.0,6430,473,5,SUSPICIOUS
8.3,1,3,2500000,70,9.7,9.4,12.5,812,345,0,NORMAL
3.4,41,3,3300000,85,14.1,7.6,3.2,1437,342,0,NORMAL
2.2,0,3,1900000,90,7.5,9.1,11.3,1510,324,0,NORMAL
2.9,0,4,1900000,85,11.0,13.6,12.7,916,327,0,NORMAL
16.5,0,1,2000000,100,15.4,6.3,11.2,1556,409,0,NORMAL
5.7,12,2,1400000,60,14.5,6.3,5.5,1359,358,5,NORMAL
11.8,44,4,2400000,85,5.9,12.5,8.2,1208,323,0,NORMAL
15.9,0,3,2700000,65,15.2,8.0,14.5,1324,333,5,NORMAL
14.8,11,3,2300000,80,7.8,12.4,5.8,855,362,0,NORMAL
6.9,21,3,1300000,55,8.6,4.0,16.0,1231,372,0,NORMAL
4.2,2,2,1400000,70,9.1,9.2,10.7,1571,331,0,NORMAL
68.2,177,5,8000000,25,49.3,76.0,57.8,5042,607,15,SUSPICIOUS
62.7,179,6,8300000,30,51.6,66.2,53.3,5278,522,5,SUSPICIOUS
4.4,9,2,2300000,55,11.5,4.7,8.5,907,344,0,NORMAL
8.2,0,1,2500000,55,9.0,12.9,12.8,1572,305,0,NORMAL
93.5,86,5,7400000,25,37.8,76.7,73.5,5481,514,5,SUSPICIOUS
29.8,102,4,5100000,30,50.3,46.1,55.3,4100,597,93,SUSPICIOUS
2.1,9,1,2600000,90,10.7,7.3,13.5,1220,326,5,NORMAL
9.6,16,3,1700000,55,8.0,13.4,8.4,1570,347,0,NORMAL
17.3,0,2,1500000,90,6.7,4.2,16.9,762,322,0,NORMAL
54.7,112,4,4500000,25,54.6,29.6,71.2,3294,423,72,SUSPICIOUS
4.3,30,3,2100000,55,8.7,6.2,8.0,1595,313,5,NORMAL
10.9,2,3,1200000,75,11.2,9.6,11.8,929,280,5,NORMAL
3.9,10,1,2900000,80,10.5,12.2,3.4,1447,282,0,NORMAL
4.6,7,1,1500000,90,16.6,8.3,10.5,1127,350,0,NORMAL
2.4,0,1,2700000,95,10.6,8.5,10.2,1469,338,0,NORMAL
12.3,0,3,2900000,85,13.6,13.3,11.9,828,336,5,NORMAL
1.7,28,3,2800000,60,16.0,6.2,11.1,1517,358,0,NORMAL
8.4,0,1,2800000,70,6.2,11.4,6.8,1472,334,0,NORMAL
6.2,16,2,2100000,100,6.7,10.9,15.0,878,354,0,NORMAL
9.5,9,2,1900000,80,8.6,5.2,5.7,1592,325,0,NORMAL
4.0,5,2,2000000,60,8.6,14.5,6.8,1506,368,0,NORMAL
2.3,3,2,2400000,95,15.0,10.8,8.7,852,361,5,NORMAL
6.9,30,2,3600000,60,14.8,13.9,12.5,1339,341,0,NORMAL
9.2,4,2,2100000,95,17.2,3.5,13.2,868,357,0,NORMAL
40.0,145,5,5400000,5,41.9,48.3,82.0,4779,494,0,SUSPICIOUS
5.7,43,2,3800000,85,6.2,9.5,13.4,1053,339,0,NORMAL
1.2,0,2,1700000,55,8.3,6.2,12.7,1136,350,0,NORMAL
8.5,0,2,2200000,55,16.3,5.0,11.3,1131,359,0,NORMAL
14.8,23,1,1700000,100,15.5,13.0,15.8,1255,323,5,NORMAL
2.5,6,2,2600000,60,9.5,13.0,5.2,1220,365,0,NORMAL
14.1,0,2,2100000,65,10.9,11.2,8.4,1543,287,0,NORMAL
11.6,0,1,2800000,75,8.9,7.0,12.4,957,362,0,NORMAL
8.8,31,4,3200000,70,10.1,11.8,9.4,1272,334,0,NORMAL
70.5,95,5,8200000,25,36.9,63.3,73.3,4375,519,0,SUSPICIOUS
7.3,5,2,2500000,80,5.8,9.6,11.3,1206,288,0,NORMAL
47.9,65,4,4200000,30,35.3,42.0,56.8,3202,596,72,SUSPICIOUS
6.0,0,2,1600000,90,5.4,4.3,6.8,752,407,5,NORMAL
4.2,1,3,3300000,75,5.8,9.3,10.0,1406,334,0,NORMAL
4.2,9,1,2400000,55,13.6,11.1,14.9,1286,348,0,NORMAL
10.3,1,2,2800000,100,9.1,4.8,13.2,1632,338,5,NORMAL
8.0,0,3,2000000,80,5.8,14.2,10.6,1191,329,0,NORMAL
90.8,96,4,7800000,25,53.3,57.4,54.5,6169,603,15,SUSPICIOUS
5.1,45,2,1700000,85,7.6,8.4,3.8,974,379,0,NORMAL
31.0,140,5,8300000,12,65.5,45.9,84.0,3299,518,5,SUSPICIOUS
2.8,20,1,1200000,65,12.7,10.5,3.7,1649,356,0,NORMAL
3.8,6,2,3700000,100,9.6,12.7,14.9,1298,356,0,NORMAL
41.4,283,6,6800000,15,79.5,57.3,88.3,5098,679,14,SUSPICIOUS
6.5,20,2,2200000,85,16.8,5.2,11.8,1307,344,0,NORMAL
17.0,0,2,2000000,100,15.9,12.7,3.2,1382,351,8,NORMAL
5.8,0,2,1800000,80,9.5,8.0,4.8,895,387,0,NORMAL
43.4,64,4,3800000,25,56.6,40.5,66.4,3632,464,91,SUSPICIOUS
3.4,8,2,2200000,80,16.7,11.7,4.1,1360,301,0,NORMAL
4.9,0,1,2300000,60,9.3,11.1,13.7,1116,370,0,NORMAL
15.3,2,1,2100000,65,8.4,3.7,3.5,1524,364,0,NORMAL
5.6,4,2,1500000,85,16.2,10.5,6.5,1287,350,0,NORMAL
7.2,0,2,1900000,80,10.7,6.7,3.7,1544,314,0,NORMAL
4.4,16,3,3100000,95,12.5,4.9,9.4,824,333,0,NORMAL
71.6,132,4,9100000,25,54.0,59.0,64.4,5604,575,15,SUSPICIOUS
49.3,170,4,6700000,10,56.9,52.6,61.1,5311,551,5,SUSPICIOUS
8.9,12,1,1400000,75,16.0,9.1,13.5,845,338,5,NORMAL
62.6,206,5,6200000,10,59.4,56.2,67.0,5363,674,0,SUSPICIOUS
6.4,0,3,1700000,65,10.0,12.7,15.1,849,365,0,NORMAL
9.6,8,2,3800000,60,10.0,8.0,13.2,994,332,0,NORMAL
7.4,12,3,1500000,95,13.7,4.8,9.7,1286,336,0,NORMAL
10.5,1,3,1300000,85,15.0,11.8,11.2,1452,355,0,NORMAL
2.9,0,3,1700000,95,5.9,13.5,5.7,1569,308,5,NORMAL
50.4,124,2,6700000,35,38.0,28.1,46.6,2841,538,82,SUSPICIOUS
5.3,8,2,2300000,100,12.7,9.4,3.1,892,385,0,NORMAL
3.7,16,2,1900000,75,7.8,11.4,8.2,780,324,0,NORMAL
1.2,18,1,1400000,80,14.7,13.5,13.6,1648,384,5,NORMAL
18.5,6,2,1700000,65,7.8,5.5,14.6,1155,381,0,NORMAL
9.3,7,2,2200000,100,7.5,13.9,16.7,774,368,0,NORMAL
6.6,11,1,2500000,70,10.5,6.5,11.3,995,387,0,NORMAL
8.1,2,2,2000000,70,8.3,11.0,12.6,1315,395,0,NORMAL
2.0,5,1,3500000,70,13.6,14.0,13.2,823,317,0,NORMAL
8.4,34,2,2600000,90,13.2,8.1,10.1,978,373,0,NORMAL
60.4,141,3,8000000,10,61.7,35.9,84.9,5343,593,10,SUSPICIOUS
7.5,0,1,3400000,85,13.2,9.6,13.4,1298,332,0,NORMAL
61.5,172,3,7100000,30,58.6,40.2,75.2,4252,668,8,SUSPICIOUS
68.5,270,5,6200000,30,66.0,54.9,88.6,4715,631,0,SUSPICIOUS
45.4,308,4,6600000,20,61.8,51.5,86.3,3258,656,14,SUSPICIOUS
32.4,211,4,6400000,12,60.7,59.3,57.5,5164,513,0,SUSPICIOUS
47.5,104,3,5700000,30,44.9,39.2,74.9,2860,593,86,SUSPICIOUS
6.4,0,3,2900000,65,9.9,11.7,4.4,1287,343,0,NORMAL
8.6,14,2,1600000,95,16.4,3.6,6.2,1496,264,0,NORMAL
8.7,12,2,1700000,100,14.0,6.1,11.8,1110,302,0,NORMAL
3.8,5,3,2700000,80,13.9,14.3,12.7,907,316,5,NORMAL
42.3,143,4,7600000,5,55.9,41.6,74.3,3640,591,5,SUSPICIOUS
2.3,0,2,1200000,60,14.3,4.3,7.6,1302,358,0,NORMAL
18.5,0,2,1900000,100,15.5,10.9,11.8,1263,351,0,NORMAL
10.3,5,2,2200000,60,12.2,13.8,12.7,1621,305,0,NORMAL
9.0,0,2,3700000,65,11.0,14.3,8.5,916,349,0,NORMAL
9.7,7,3,2400000,70,15.9,7.1,15.4,943,398,0,NORMAL
4.0,2,1,2200000,90,10.7,6.2,14.5,978,369,8,NORMAL
3.7,0,3,2500000,90,7.7,5.7,10.1,1125,322,0,NORMAL
5.9,10,2,1600000,70,10.4,5.4,15.3,1036,331,8,NORMAL
13.0,0,2,2800000,80,13.4,7.8,13.0,1187,357,0,NORMAL
5.8,16,2,1800000,60,12.0,10.0,16.5,937,376,0,NORMAL
6.0,5,2,3700000,75,12.6,9.5,6.1,1009,359,0,NORMAL
2.2,6,1,1300000,95,16.1,9.7,10.3,1322,410,0,NORMAL
3.5,3,2,3400000,65,5.7,4.2,5.6,1044,331,0,NORMAL
32.1,141,5,6700000,10,65.3,58.1,70.2,3366,615,0,SUSPICIOUS
12.9,0,3,1800000,65,11.0,9.7,5.1,806,348,0,NORMAL
34.0,212,4,7700000,5,64.1,50.4,58.0,3593,619,5,SUSPICIOUS
6.3,17,2,3200000,80,10.7,12.3,16.7,922,346,0,NORMAL
10.2,0,3,2700000,100,14.6,5.1,15.4,1560,345,0,NORMAL
11.5,2,1,2600000,75,10.1,12.9,7.8,900,327,0,NORMAL
2.4,0,3,1300000,65,11.9,9.2,6.6,1385,389,0,NORMAL
5.3,0,3,1500000,70,15.1,11.7,5.1,1141,350,0,NORMAL
3.2,12,2,1200000,75,10.8,6.3,5.7,1379,288,0,NORMAL
4.0,0,4,2900000,85,5.6,5.3,3.3,1472,325,0,NORMAL
14.3,2,3,1900000,90,13.9,11.7,5.5,763,352,0,NORMAL
12.0,0,2,2200000,55,8.6,5.6,15.3,1615,346,0,NORMAL
13.1,0,3,2800000,80,13.9,11.4,12.7,1559,333,0,NORMAL
1.7,1,1,1800000,100,8.1,12.2,3.8,864,367,8,NORMAL
12.2,0,2,2400000,85,15.4,12.8,11.9,1404,386,0,NORMAL
4.3,0,2,1200000,90,13.4,5.7,4.4,1425,331,0,NORMAL
9.3,19,2,2600000,90,16.0,11.5,4.3,1362,352,0,NORMAL
3.8,3,2,2300000,100,9.9,3.7,6.4,1287,355,5,NORMAL
18.5,0,3,2100000,65,9.4,5.4,11.1,808,348,0,NORMAL
18.5,4,3,3700000,95,8.3,9.2,10.3,1132,348,0,NORMAL
6.3,2,3,1500000,95,11.5,4.5,10.5,783,402,0,NORMAL
4.0,0,2,3100000,70,8.2,10.7,11.7,1137,391,0,NORMAL
15.9,32,2,1600000,60,13.4,12.3,13.0,763,338,0,NORMAL
15.2,43,2,1200000,55,15.7,8.8,10.6,816,313,0,NORMAL
25.2,92,3,6400000,25,49.0,39.7,69.7,2995,493,74,SUSPICIOUS
11.9,12,2,1400000,55,10.8,3.7,11.2,1371,299,0,NORMAL
2.5,16,2,1900000,75,7.3,11.1,5.8,957,293,5,NORMAL
6.7,0,3,2100000,70,6.5,5.8,7.4,1428,335,0,NORMAL
4.9,1,2,2000000,85,7.8,6.3,14.6,995,318,8,NORMAL
55.7,218,6,8300000,15,63.3,44.0,60.1,4269,634,0,SUSPICIOUS
11.4,0,1,3700000,90,17.4,13.6,7.4,1124,338,0,NORMAL
3.4,45,1,2500000,55,15.4,9.9,17.0,1444,313,0,NORMAL
6.1,7,2,2400000,75,17.7,8.0,14.6,1500,282,0,NORMAL
5.6,10,2,3200000,65,13.9,13.1,6.3,966,342,0,NORMAL
9.4,1,2,1800000,95,7.6,4.2,15.4,818,353,0,NORMAL
3.7,0,2,1900000,65,6.0,4.7,9.9,799,324,8,NORMAL
18.5,0,2,2200000,60,6.5,14.0,4.3,1555,344,0,NORMAL
16.3,3,4,3100000,75,15.1,6.4,16.1,912,344,0,NORMAL
67.9,308,4,8900000,20,68.0,56.7,70.5,4798,713,14,SUSPICIOUS
4.8,0,2,1800000,90,6.5,7.8,3.5,1033,326,0,NORMAL
58.4,266,3,7400000,15,71.4,45.7,82.7,3097,659,0,SUSPICIOUS
11.1,0,2,1600000,95,6.4,9.6,10.2,1475,325,0,NORMAL
10.2,3,2,2900000,80,15.7,8.1,4.0,771,410,0,NORMAL
1.2,0,2,2000000,80,5.1,8.3,15.4,1091,360,0,NORMAL
4.9,20,2,2800000,85,12.2,10.0,16.1,766,359,0,NORMAL
69.8,174,6,7700000,30,43.7,70.2,79.8,6474,603,5,SUSPICIOUS
59.0,161,5,8400000,30,61.2,57.5,70.7,4887,720,14,SUSPICIOUS
7.7,0,2,1700000,55,16.1,11.7,8.7,1634,345,0,NORMAL
8.1,45,2,2100000,100,7.3,14.2,4.6,1067,299,0,NORMAL
6.1,19,2,2900000,100,17.2,10.1,16.9,945,281,0,NORMAL
6.3,33,3,3800000,65,15.3,10.1,12.2,1619,354,0,NORMAL
60.9,205,4,8000000,20,64.8,56.1,68.8,3829,639,14,SUSPICIOUS
8.8,15,1,2700000,55,11.5,12.2,12.9,937,284,0,NORMAL
5.2,13,3,2500000,65,8.1,10.4,7.2,965,370,0,NORMAL
2.8,0,2,1600000,90,18.0,5.2,14.4,1184,313,0,NORMAL
18.5,3,2,1500000,70,7.0,4.4,12.0,1528,319,0,NORMAL
12.0,2,2,2700000,55,6.6,8.1,9.9,860,355,0,NORMAL
3.6,19,2,1800000,95,11.9,7.8,11.7,774,300,5,NORMAL
4.2,12,2,2200000,90,14.1,5.4,10.0,1248,407,0,NORMAL
41.0,124,4,4900000,35,39.7,40.7,65.6,2638,488,91,SUSPICIOUS
11.7,0,2,2700000,60,6.7,7.2,16.0,932,338,0,NORMAL
4.3,4,1,1300000,65,5.8,3.8,13.0,1633,310,0,NORMAL
4.8,0,2,2900000,90,14.2,5.4,14.6,1515,348,0,NORMAL
42.2,139,3,3700000,35,55.3,32.3,52.1,2877,531,74,SUSPICIOUS
6.1,0,3,2500000,95,7.7,9.7,12.1,1407,402,0,NORMAL
4.0,19,2,2100000,95,9.2,13.9,7.0,1351,350,0,NORMAL
18.5,3,3,1600000,75,10.3,11.3,6.2,1408,363,0,NORMAL
5.4,0,3,1700000,70,8.3,6.6,7.3,1500,351,0,NORMAL
3.2,3,1,2100000,65,15.5,12.0,15.8,1284,358,0,NORMAL
13.4,0,2,2600000,55,6.7,6.4,8.9,1150,321,0,NORMAL
37.4,123,2,6500000,25,53.7,40.3,63.9,3250,505,83,SUSPICIOUS
11.3,0,2,3700000,65,14.8,5.9,7.7,889,322,0,NORMAL
62.5,207,4,8100000,10,48.8,55.5,57.1,3863,574,5,SUSPICIOUS
53.1,193,3,7200000,0,68.0,57.3,78.3,5254,637,5,SUSPICIOUS
7.7,19,2,3900000,75,6.2,9.2,6.2,1337,354,0,NORMAL
7.1,13,1,2400000,90,11.1,7.5,10.5,1210,261,5,NORMAL
10.0,13,3,1800000,70,10.0,4.9,8.8,1595,322,0,NORMAL
6.8,21,2,2300000,90,12.0,11.7,13.2,1072,410,0,NORMAL
2.7,28,3,1800000,95,14.5,13.8,11.5,1601,346,0,NORMAL
33.6,128,3,3800000,30,56.7,45.5,55.4,3497,434,85,SUSPICIOUS
5.0,0,1,3000000,75,11.8,14.2,15.8,1315,350,0,NORMAL
9.3,6,2,2000000,70,6.5,13.1,9.6,1117,365,8,NORMAL
8.9,0,2,2500000,75,10.3,7.1,4.2,1079,289,5,NORMAL
2.8,0,2,2000000,80,17.7,12.4,13.3,1303,316,0,NORMAL
70.3,156,4,6500000,40,49.6,68.7,77.0,4368,602,5,SUSPICIOUS
18.5,8,2,3000000,65,14.8,6.0,3.8,1221,337,0,NORMAL
3.3,14,2,1500000,100,14.4,12.3,14.1,1472,385,0,NORMAL
11.7,0,3,3000000,65,15.5,10.2,7.1,1590,341,0,NORMAL
80.8,161,6,6800000,30,49.5,59.5,61.4,6288,581,0,SUSPICIOUS
73.6,214,4,8800000,30,75.2,41.6,63.7,3822,686,0,SUSPICIOUS
3.4,9,2,1600000,90,11.7,4.2,7.0,1567,367,0,NORMAL
2.9,23,2,1300000,95,9.0,12.2,9.2,1615,312,0,NORMAL
1.2,0,2,2600000,75,12.2,4.7,16.1,955,352,5,NORMAL
55.4,141,4,6400000,12,69.3,36.2,60.4,3603,525,5,SUSPICIOUS
77.1,88,5,6700000,30,38.7,65.1,74.3,4078,609,0,SUSPICIOUS
41.1,135,4,3700000,25,59.2,42.8,49.6,4118,529,73,SUSPICIOUS
63.9,127,6,8400000,30,31.2,67.2,56.8,6260,525,0,SUSPICIOUS
8.3,5,1,2800000,90,6.3,11.2,7.7,1547,299,0,NORMAL
12.2,2,4,1200000,100,12.7,12.0,14.6,1058,323,0,NORMAL
11.8,0,2,2000000,55,5.3,14.4,3.6,1267,303,0,NORMAL
3.2,9,2,3100000,80,16.3,8.8,7.7,1380,345,0,NORMAL
13.6,2,4,3400000,90,7.0,10.8,12.9,1151,335,0,NORMAL
10.1,20,2,2600000,60,5.1,7.1,12.2,1071,410,0,NORMAL
6.6,21,2,1200000,80,14.7,6.0,10.4,905,287,0,NORMAL
1.2,0,2,1900000,60,8.1,13.7,10.3,1077,377,0,NORMAL
1.9,0,3,2700000,90,17.4,4.1,11.4,1193,342,0,NORMAL
42.1,144,4,6100000,35,57.7,32.1,69.2,3414,509,79,SUSPICIOUS
16.9,14,1,1400000,95,15.8,10.8,7.9,1083,334,0,NORMAL
8.5,9,3,3300000,80,11.5,5.5,4.5,929,320,0,NORMAL
7.2,1,1,2100000,80,11.7,8.8,8.4,871,376,0,NORMAL
30.0,62,3,5500000,30,57.6,33.3,51.2,3840,579,74,SUSPICIOUS
8.2,2,3,1700000,70,15.0,9.0,9.1,1532,410,0,NORMAL
4.1,0,1,3000000,55,8.4,9.1,7.6,1544,319,8,NORMAL
4.6,0,3,2900000,100,11.3,3.7,15.9,1285,337,0,NORMAL
9.0,0,2,2000000,75,16.3,6.8,5.2,1260,287,0,NORMAL
18.5,11,3,1800000,60,5.9,14.2,16.4,980,359,0,NORMAL
9.7,0,3,1600000,75,9.0,9.8,6.4,980,402,0,NORMAL
79.6,154,5,8500000,40,36.3,65.2,74.0,4050,473,15,SUSPICIOUS
2.8,0,2,1300000,75,8.5,10.0,12.5,1561,318,0,NORMAL
4.1,12,2,2100000,90,5.5,14.3,6.4,1540,368,0,NORMAL
15.6,5,2,2200000,100,15.7,4.1,8.9,1526,323,0,NORMAL
6.8,0,2,2600000,80,7.3,7.2,8.9,1456,344,0,NORMAL
7.2,2,2,1300000,85,5.5,14.4,6.3,1348,331,0,NORMAL
6.7,16,1,3000000,70,15.7,7.9,6.1,1498,338,0,NORMAL
33.0,92,5,8100000,0,46.3,54.1,83.4,4394,636,10,SUSPICIOUS
80.8,83,4,7200000,40,41.8,72.5,72.1,4868,475,5,SUSPICIOUS
7.5,3,3,2200000,75,8.3,8.3,10.3,1597,351,8,NORMAL
10.3,1,2,1800000,95,17.5,9.0,4.2,834,302,0,NORMAL
12.5,0,2,2900000,90,16.8,11.4,11.5,989,371,8,NORMAL
2.3,29,4,2700000,70,13.4,6.9,11.5,1102,396,0,NORMAL
13.1,19,2,2000000,60,7.9,14.0,11.0,1015,333,5,NORMAL
4.4,38,2,3100000,85,6.0,12.4,16.7,1309,327,0,NORMAL
2.7,0,1,1200000,75,14.5,11.7,9.0,1265,356,0,NORMAL
9.2,0,2,1700000,80,17.1,7.2,15.8,1136,366,0,NORMAL
4.7,4,2,3900000,75,14.9,4.0,14.8,780,294,0,NORMAL
3.5,5,4,1700000,80,16.6,4.0,10.9,1443,309,0,NORMAL
9.0,1,2,2500000,55,7.6,7.0,6.9,930,338,0,NORMAL
8.9,9,1,1300000,100,5.8,4.1,5.6,825,375,0,NORMAL
3.4,0,3,1500000,65,13.4,13.1,14.1,897,369,0,NORMAL
4.7,0,1,2000000,80,13.9,13.9,5.0,890,333,0,NORMAL
6.9,33,2,2500000,90,6.7,10.9,10.8,951,307,0,NORMAL
27.7,138,3,6800000,35,39.0,36.2,65.2,3199,487,83,SUSPICIOUS
8.0,2,2,3900000,60,13.9,5.6,10.3,937,334,0,NORMAL
5.1,16,3,2200000,60,16.2,8.7,16.6,1179,386,0,NORMAL
51.4,132,3,5200000,0,47.0,37.7,74.2,4034,582,5,SUSPICIOUS
9.7,7,2,3200000,75,7.4,7.5,7.7,1368,344,0,NORMAL
9.0,0,3,3900000,95,7.9,13.0,13.4,758,309,0,NORMAL
16.4,0,2,3000000,75,11.4,12.1,16.3,1288,359,0,NORMAL
7.0,8,3,1700000,100,9.4,13.1,10.9,1351,358,0,NORMAL
59.6,137,4,5500000,5,53.9,42.8,75.0,4097,494,0,SUSPICIOUS
3.5,5,3,1300000,100,11.5,5.0,4.6,1300,351,0,NORMAL
1.2,0,2,3100000,75,10.7,10.0,4.0,1635,357,0,NORMAL
64.3,118,5,7700000,30,52.8,73.7,64.4,4556,595,0,SUSPICIOUS
11.0,0,3,2100000,70,5.9,5.6,13.8,889,358,5,NORMAL
18.2,20,2,2500000,100,15.2,8.8,3.6,1449,350,0,NORMAL
4.9,0,3,3100000,70,13.3,9.3,9.5,1627,298,5,NORMAL
9.5,5,2,3200000,80,14.0,6.8,11.8,1529,282,0,NORMAL
32.4,68,4,5700000,35,53.1,42.6,58.2,3663,554,88,SUSPICIOUS
69.6,140,5,9700000,25,48.1,65.4,73.1,5318,628,5,SUSPICIOUS
9.9,0,2,3100000,100,9.9,13.4,15.8,1200,347,0,NORMAL
4.7,45,2,3600000,65,15.7,6.6,4.0,1558,374,0,NORMAL
1.2,1,3,2900000,60,10.7,6.1,12.9,1600,349,0,NORMAL
18.5,0,2,3000000,100,15.1,5.9,5.3,1647,356,5,NORMAL
6.7,15,3,3100000,100,5.9,4.4,4.5,1046,337,0,NORMAL
1.2,0,1,1700000,65,12.2,13.7,3.1,771,362,0,NORMAL
68.8,171,6,9100000,25,40.6,68.7,50.5,5813,565,15,SUSPICIOUS
52.3,151,4,5100000,0,54.4,57.2,72.0,4216,521,0,SUSPICIOUS
45.0,125,4,4500000,25,42.7,39.1,55.2,3539,434,76,SUSPICIOUS
4.6,6,2,2800000,100,14.1,11.8,4.5,1182,273,0,NORMAL
6.6,0,2,1600000,65,11.7,8.6,7.4,1618,369,0,NORMAL
3.5,37,4,3100000,70,8.2,10.5,12.3,936,379,8,NORMAL
46.2,103,5,6300000,10,67.6,58.4,59.7,4483,643,0,SUSPICIOUS
5.9,13,2,1900000,95,18.0,3.8,15.6,1500,388,8,NORMAL
1.8,0,2,1700000,90,12.6,11.2,12.5,1033,298,5,NORMAL
5.1,3,2,1700000,55,7.0,9.5,4.2,794,387,0,NORMAL
7.8,12,2,1500000,55,8.0,7.3,8.3,1519,342,0,NORMAL
40.9,123,3,4400000,25,47.4,35.9,71.2,3043,589,92,SUSPICIOUS
5.4,6,3,2000000,65,12.2,11.3,12.3,828,341,0,NORMAL
8.7,4,4,2800000,85,5.4,9.6,13.7,1472,319,0,NORMAL
5.9,42,3,1600000,75,11.7,13.5,14.3,1142,280,0,NORMAL
4.0,3,4,3700000,85,13.3,8.6,5.7,1415,294,0,NORMAL
5.3,9,1,2700000,95,10.1,8.8,4.9,1357,382,5,NORMAL
33.9,214,3,7800000,5,47.1,58.4,83.6,4654,621,10,SUSPICIOUS
54.9,230,4,7100000,20,76.0,40.2,74.1,4581,558,14,SUSPICIOUS
71.2,140,4,8200000,40,41.4,76.7,75.5,5714,486,15,SUSPICIOUS
8.5,25,3,3100000,100,6.9,9.1,6.3,1397,296,0,NORMAL
56.4,216,6,8000000,30,69.7,56.8,62.9,3452,701,14,SUSPICIOUS
3.4,12,4,2500000,95,15.8,7.1,6.3,963,351,5,NORMAL
9.1,18,4,3000000,65,13.4,4.0,8.0,1053,315,0,NORMAL
75.0,75,5,8800000,25,30.4,73.1,76.4,6479,531,0,SUSPICIOUS
6.7,20,3,1300000,70,10.2,7.0,9.5,1502,328,0,NORMAL
4.4,1,2,3500000,65,11.0,14.3,9.8,1613,338,0,NORMAL
4.8,0,3,2100000,75,17.7,6.3,9.4,1571,380,8,NORMAL
5.7,0,1,2800000,90,12.1,11.3,6.0,1186,359,0,NORMAL
6.0,2,1,2000000,75,15.3,12.2,4.3,791,394,8,NORMAL
18.1,12,1,2600000,90,9.9,9.4,3.0,825,365,0,NORMAL
7.5,40,2,1600000,70,5.9,6.8,12.9,1150,285,0,NORMAL
17.0,7,3,2900000,60,12.9,9.8,5.3,1434,332,0,NORMAL
6.0,7,2,3000000,80,12.7,3.8,3.5,1587,350,0,NORMAL
1.6,5,3,2800000,65,7.2,11.3,10.5,1020,385,0,NORMAL
5.5,0,2,2400000,65,9.3,7.7,11.7,1507,364,0,NORMAL
6.6,0,4,2800000,65,16.2,11.0,9.3,1023,327,8,NORMAL
4.3,0,1,2600000,60,14.5,5.7,8.2,1607,321,0,NORMAL
17.4,0,2,2000000,75,9.6,4.0,6.1,1220,356,5,NORMAL
17.8,4,2,2800000,75,10.3,9.6,9.1,1616,369,0,NORMAL
36.4,135,2,6200000,20,55.9,30.7,69.7,3807,493,86,SUSPICIOUS
6.4,1,2,1700000,75,15.2,13.9,13.5,1370,333,0,NORMAL
7.2,2,3,1700000,95,6.1,6.8,6.1,1374,352,0,NORMAL
13.9,2,2,2700000,80,10.1,13.3,11.8,975,379,0,NORMAL
50.7,154,6,8000000,20,75.3,48.3,76.8,3619,734,0,SUSPICIOUS
14.9,45,3,2800000,55,6.4,7.4,7.0,1073,360,0,NORMAL
37.4,91,5,7700000,10,42.1,46.0,62.6,5292,488,5,SUSPICIOUS
5.6,2,2,1200000,80,12.9,4.8,7.5,1462,346,0,NORMAL
5.2,0,2,1800000,90,15.9,4.4,4.3,1061,303,0,NORMAL
4.5,2,2,1900000,95,12.5,10.5,14.2,1308,376,0,NORMAL
2.8,0,2,1500000,100,12.3,7.3,7.4,1268,281,0,NORMAL
12.6,0,4,2900000,75,5.5,6.3,12.7,1468,296,0,NORMAL
47.4,162,5,5600000,0,41.0,45.1,78.5,4756,622,10,SUSPICIOUS
68.5,89,6,7300000,40,33.7,72.7,62.6,4318,480,0,SUSPICIOUS
2.3,12,2,1200000,80,9.3,4.1,8.2,1201,323,0,NORMAL
2.3,0,3,1700000,55,7.7,13.5,14.7,1131,345,0,NORMAL
3.1,18,4,2100000,60,14.1,8.0,4.9,1550,337,0,NORMAL
7.0,12,2,2500000,90,5.4,10.4,7.9,780,369,5,NORMAL
2.6,0,3,1900000,85,7.3,9.2,6.7,791,374,0,NORMAL
11.9,3,3,2200000,80,8.4,10.1,7.2,902,345,0,NORMAL
28.2,148,4,4700000,35,48.0,36.6,73.8,2690,587,89,SUSPICIOUS
2.7,0,2,1800000,100,16.5,12.0,13.3,973,356,0,NORMAL
60.8,145,4,5000000,10,58.5,35.2,78.3,3264,544,10,SUSPICIOUS
6.3,7,2,2800000,55,17.9,4.9,14.1,1476,376,0,NORMAL
3.2,5,4,2000000,75,14.2,9.4,9.7,857,380,0,NORMAL
55.8,167,5,6700000,25,50.9,50.8,75.0,6045,571,0,SUSPICIOUS
8.1,45,1,3300000,55,5.1,12.9,13.2,1405,337,0,NORMAL
8.3,0,2,1900000,60,12.8,8.7,3.8,967,374,0,NORMAL
12.2,31,2,2300000,55,13.7,4.5,10.1,943,372,0,NORMAL
53.1,115,3,5200000,5,44.2,44.3,76.2,4283,518,10,SUSPICIOUS
13.0,34,2,2900000,55,5.7,7.9,12.4,1191,333,0,NORMAL
66.0,155,4,7400000,15,64.3,65.2,80.6,3009,636,8,SUSPICIOUS
11.7,0,1,1600000,80,6.2,4.8,9.5,1095,303,0,NORMAL
50.5,63,3,5400000,35,52.7,46.3,48.6,3569,431,72,SUSPICIOUS
8.0,9,3,2400000,75,13.5,9.0,13.1,1511,305,0,NORMAL
8.4,0,3,3600000,75,5.8,14.1,10.7,1277,317,8,NORMAL
34.0,137,5,6100000,10,65.3,55.6,61.9,4248,669,5,SUSPICIOUS
80.9,107,5,6800000,30,53.2,76.1,65.4,4252,583,0,SUSPICIOUS
9.6,17,2,1400000,55,5.6,7.7,5.2,850,306,5,NORMAL
61.7,158,5,6200000,10,67.8,55.5,61.7,5295,616,0,SUSPICIOUS
93.4,129,5,7400000,25,44.3,62.7,54.5,5071,531,0,SUSPICIOUS
8.1,26,1,2700000,85,7.5,12.9,12.5,1214,324,0,NORMAL
7.7,21,2,2900000,65,6.6,5.6,7.9,1413,349,0,NORMAL
64.6,79,5,7400000,25,41.0,56.6,62.4,4553,599,5,SUSPICIOUS
48.8,191,4,6100000,30,61.3,62.7,83.2,4640,685,8,SUSPICIOUS
7.9,0,4,2800000,80,14.8,6.5,10.6,1530,290,0,NORMAL
48.5,177,4,8000000,10,64.5,51.3,80.2,4531,614,5,SUSPICIOUS
9.3,0,2,1700000,90,6.2,10.0,12.8,778,315,0,NORMAL
18.5,0,2,2900000,55,14.3,5.8,11.0,1458,375,0,NORMAL
